exposure.time;normal;mild;severe;let
5.8;98;0;0;1.757857918
15;51;2;1;2.708050201
21.5;34;6;3;3.068052935
27.5;35;5;8;3.314186005
33.5;32;10;9;3.511545439
39.5;23;7;8;3.676300672
46;12;6;10;3.828641396
51.5;4;2;5;3.941581808
